ID_TV,NAMA_TV,LOGO,URL,BG_TEXT,C_TEXT,ID_KATEGORI,KATEGORI
554,Antara,https://tv.wajabae.com/upload/logo/00101056202047.jpg,https://newbonetv.xyz/m3u/usee-antara-okebos.m3u8,c10040,ffffff,1,Indonesia
86,ANTV,https://tv.wajabae.com/upload/logo/01101036202026.jpg,http://103.121.238.11:25461/Bone/Bone/18,C70039,ffffff,1,Indonesia
519,Baik TV,https://tv.wajabae.com/upload/logo/01101008202046.jpg,http://103.76.148.203:25461/live/MIw9qm6Mqd/AhVibgDpLx/11.m3u8,000000,FFFFFF,1,Indonesia
556,Bali TV,https://tv.wajabae.com/upload/logo/01101020202057.jpg,https://newbonetv.xyz/m3u/usee-balitv-okebos.m3u8,FF3633,ffffff,1,Indonesia
359,Berita Satu,https://tv.wajabae.com/upload/logo/01101034202054.jpg,https://newbonetv.xyz/m3u/usee-beritasatu-okebos.m3u8,E40404,ffffff,1,Indonesia
37,CNBC Indonesia,https://tv.wajabae.com/upload/logo/01230639202024.png,https://newbonetv.xyz/m3u/usee-cnbcindonesia-okebos.m3u8,2e2a2a,ffffff,1,Indonesia
36,CNN Indonesia,https://tv.wajabae.com/upload/logo/01230637202056.png,https://newbonetv.xyz/m3u/usee-cnnindonesia-okebos.m3u8,bb1e1e,ffffff,1,Indonesia
432,DAAI TV,https://tv.wajabae.com/upload/logo/01101030202003.jpg,https://newbonetv.xyz/m3u/usee-daaitv-okebos.m3u8,494949,ffffff,1,Indonesia
434,JAK TV,https://tv.wajabae.com/upload/logo/01101025202033.jpg,https://newbonetv.xyz/m3u/usee-jaktv-okebos.m3u8,142249,FFFFFF,1,Indonesia
38,JTV,https://tv.wajabae.com/upload/logo/01230647202052.jpeg,https://newbonetv.xyz/m3u/usee-jtv-okebos.m3u8,F39C12,ffffff,1,Indonesia
34,KOMPAS TV,https://tv.wajabae.com/upload/logo/10220609202032.png,https://newbonetv.xyz/m3u/usee-kompastv-okebos.m3u8,4fcb2e,ffffff,1,Indonesia
477,Magna Channel,https://tv.wajabae.com/upload/logo/01101012202014.jpg,https://newbonetv.xyz/m3u/plus-magna-okebos.m3u8,33a8ff,ffffff,1,Indonesia
43,METRO TV,https://tv.wajabae.com/upload/logo/01230659202005.png,https://newbonetv.xyz/m3u/vidio-metrotv-okebos.m3u8,252588,ffffff,1,Indonesia
10,NET TV,https://tv.wajabae.com/upload/logo/03210628202034.jpg,https://newbonetv.xyz/m3u/vidio-net-okebos.m3u8,3f899e,ffffff,1,Indonesia
40,RTV,https://tv.wajabae.com/upload/logo/01230652202042.png,https://newbonetv.xyz/m3u/usee-rtv-okebos.m3u8,090C40,ffffff,1,Indonesia
578,TRANS 7,https://tv.wajabae.com/upload/logo/20151025202011.png,https://newbonetv.xyz/m3u/usee-trans7-okebos.m3u8,243664,ffffff,1,Indonesia
12,TRANSTV,https://tv.wajabae.com/upload/logo/03210633202052.png,https://newbonetv.xyz/m3u/usee-transtv-okebos.m3u8,22324b,ffffff,1,Indonesia
24,TVONE,https://tv.wajabae.com/upload/logo/01220620202056.png,https://newbonetv.xyz/stream/tvone/index.m3u8,ee1919,ffffff,1,Indonesia
39,TVRI,https://tv.wajabae.com/upload/logo/01230649202048.jpg,https://newbonetv.xyz/m3u/vidio-tvri-okebos.m3u8,252864,FFFFFF,1,Indonesia
317,Ahsan TV,https://tv.wajabae.com/upload/logo/13010705202007.jpeg,http://119.82.224.75:1935/live/ahsantv/playlist.m3u8,128E0A,ffffff,6,Islam
321,AL IMAN TV,https://tv.wajabae.com/upload/logo/13010710202017.png,http://tv.aliman.id:1935/aliman/HD/playlist.m3u8,FFDC00,000000,6,Islam
324,AlQuran Kareem,https://tv.wajabae.com/upload/logo/13010713202052.png,https://newbonetv.xyz/m3u/usee-alquran-okebos.m3u8,FFDC00,000000,6,Islam
320,INSAN TV,https://tv.wajabae.com/upload/logo/13010709202026.jpg,http://wz.insantv.net/group/ngrp:insantv_mobile/chunklist_b736000.m3u8,0A93E7,FFFFFF,6,Islam
456,MGI TV,https://tv.wajabae.com/upload/logo/08300816202044.png,https://tv.rodja.live/tasik/mgitv/playlist.m3u8,bb0000,ffffff,6,Islam
568,Mqtv,https://tv.wajabae.com/upload/logo/05081034202000.png,https://newbonetv.xyz/m3u/usee-mqtv-okebos.m3u8,1F5AAB,ffffff,6,Islam
569,MTA TV,https://tv.wajabae.com/upload/logo/05081035202033.jpg,https://newbonetv.xyz/m3u/usee-mtatv-okebos.m3u8,CF8410,ffffff,6,Islam
458,Muadz TV,https://tv.wajabae.com/upload/logo/08300819202019.png,http://103.121.238.11:25461/Bone/Bone/6,84c610,ffffff,6,Islam
30,RODJA TV,https://tv.wajabae.com/upload/logo/02220607202058.jpg,http://vids.rodja.tv:1935/live/rodja/playlist.m3u8,e74c3c,FFFFFF,6,Islam
319,Salam TV,https://tv.wajabae.com/upload/logo/13010708202001.png,http://103.76.148.202:25461/isp/isp12345/125,128E0A,FFFFFF,6,Islam
322,SURAU TV,https://tv.wajabae.com/upload/logo/13010711202002.png,http://119.235.249.58:1935/surautv/live/playlist.m3u8,000000,FFFFFF,6,Islam
29,TAWAF,https://tv.wajabae.com/upload/logo/02220605202021.png,https://newbonetv.xyz/m3u/usee-tawaftv-okebos.m3u8,f4d03f,FFFFFF,6,Islam
398,TV MU,https://tv.wajabae.com/upload/logo/10160722202048.png,https://newbonetv.xyz/m3u/usee-muhammadiyahtv-okebos.m3u8,144cc4,ffffff,6,Islam
570,TV MUI,https://tv.wajabae.com/upload/logo/05081036202049.png,https://newbonetv.xyz/m3u/usee-muitv-okebos.m3u8,4FB40E,ffffff,6,Islam
360,TV9,https://tv.wajabae.com/upload/logo/04100713202037.jpg,https://newbonetv.xyz/m3u/usee-tv9-okebos.m3u8,23a703,ffffff,6,Islam
316,Wesal TV,https://tv.wajabae.com/upload/logo/13010704202014.png,http://wowza58.indostreamserver.com:1935/wesaltv/live/chunklist_w1050078582.m3u8,0887EA,ffffff,6,Islam
32,ANIMAX,https://tv.wajabae.com/upload/logo/02220659202023.jpg,https://newbonetv.xyz/m3u/usee-animax-okebos.m3u8,464eb9,ffffff,3,Kids
26,ANIPLUS,https://tv.wajabae.com/upload/logo/01220635202021.jpg,https://newbonetv.xyz/m3u/usee-aniplus-okebos.m3u8,d68910,ffffff,3,Kids
415,Baby First,https://tv.wajabae.com/upload/logo/18071011202021.png,https://newbonetv.xyz/m3u/usee-babyfirst-okebos.m3u8,5dd012,ffffff,3,Kids
366,Boomerang,https://tv.wajabae.com/upload/logo/05160757202044.png,https://newbonetv.xyz/m3u/usee-boomerang-okebos.m3u8,000000,ffffff,3,Kids
15,CARTOON NETWORK,https://tv.wajabae.com/upload/logo/03210650202046.jpg,https://newbonetv.xyz/m3u/usee-cartoonnetwork-okebos.m3u8,2f2f2f,ffffff,3,Kids
356,Disney Channel,https://tv.wajabae.com/upload/logo/00070756202019.jpg,http://103.76.148.203:25461/EqyGiMlzsS/xvlVrI4VzZ/8,224db6,ffffff,3,Kids
22,Disney Junior,https://tv.wajabae.com/upload/logo/14210649202037.png,http://103.76.148.203:25461/EqyGiMlzsS/xvlVrI4VzZ/26,af3345,ffffff,3,Kids
365,Disney XD,https://tv.wajabae.com/upload/logo/05160756202031.png,http://103.121.238.11:25461/Bone/Bone/7, 28b463,ffffff,3,Kids
78,Dreamwork,https://tv.wajabae.com/upload/logo/22240635202033.png,https://newbonetv.xyz/m3u/usee-dreamworks-okebos.m3u8,40558E,ffffff,3,Kids
560,Duck TV,https://tv.wajabae.com/upload/logo/05081014202014.png,https://newbonetv.xyz/m3u/usee-ducktv-okebos.m3u8,9BBB1A,ffffff,3,Kids
561,Dunia Anak,https://tv.wajabae.com/upload/logo/05081015202006.png,https://newbonetv.xyz/m3u/usee-duniaanak-okebos.m3u8,1A96BB,ffffff,3,Kids
575,Hip Hip Horee,https://tv.wajabae.com/upload/logo/05081054202054.jpg,https://newbonetv.xyz/m3u/vidio-hiphip-horee-okebos.m3u8,C3CB1F,ffffff,3,Kids
565,Horee,https://tv.wajabae.com/upload/logo/05081027202015.png,https://newbonetv.xyz/m3u/usee-horee-okebos.m3u8,B338B1,ffffff,3,Kids
414,My Kids,https://tv.wajabae.com/upload/logo/05081038202028.jpg,https://newbonetv.xyz/m3u/usee-mykids-okebos.m3u8,eba348,ffffff,3,Kids
357,Nick Jr.,https://tv.wajabae.com/upload/logo/00070758202020.png,http://103.76.148.203:25461/EqyGiMlzsS/xvlVrI4VzZ/28,e78415,ffffff,3,Kids
31,Nickelodeon,https://tv.wajabae.com/upload/logo/01070702202031.png,http://103.76.148.203:25461/EqyGiMlzsS/xvlVrI4VzZ/27,f39c12,ffffff,3,Kids
450,Spacetoon,https://tv.wajabae.com/upload/logo/14260855202022.png,http://103.76.148.203:25461/MIw9qm6Mqd/AhVibgDpLx/23,EDCB31,000000,3,Kids
355,Animal Planet,https://tv.wajabae.com/upload/logo/21060712202013.png,http://103.121.238.11:25461/Bone/Bone/2,77b622,ffffff,4,Knowledge
17,Asian Food Network,https://tv.wajabae.com/upload/logo/03210654202054.jpg,https://newbonetv.xyz/m3u/usee-afc-okebos.m3u8,c2003e,ffffff,4,Knowledge
559,Da Vinci,https://tv.wajabae.com/upload/logo/05081013202002.png,https://newbonetv.xyz/m3u/usee-davinci-okebos.m3u8,C8413F,ffffff,4,Knowledge
447,Discovery Asia,https://tv.wajabae.com/upload/logo/14260829202053.png,https://livecdn.fptplay.net/qnetlive/discoveryasia_hls.smil/chunklist_b2500000.m3u8,000000,ffffff,4,Knowledge
16,Discovery Chanel,https://tv.wajabae.com/upload/logo/23240609202057.png,https://newbonetv.xyz/m3u/usee-disco-okebos.m3u8,20579d,ffffff,4,Knowledge
399,HGTV,https://tv.wajabae.com/upload/logo/23160857202007.png,https://newbonetv.xyz/m3u/usee-hgtv-okebos.m3u8,2E86C1,ffffff,4,Knowledge
61,History,https://tv.wajabae.com/upload/logo/02230637202009.png,https://newbonetv.xyz/m3u/usee-history-okebos.m3u8,F7B800,ffffff,4,Knowledge
567,Lingua Channel,https://tv.wajabae.com/upload/logo/05081032202030.png,https://newbonetv.xyz/m3u/usee-lingua-okebos.m3u8,E1B322,ffffff,4,Knowledge
21,NAT GEO PEOPLE,https://tv.wajabae.com/upload/logo/10210646202002.png,https://newbonetv.xyz/m3u/usee-natgeopeople-okebos.m3u8,ffe333,ffffff,4,Knowledge
20,NAT GEO WILD,https://tv.wajabae.com/upload/logo/10210643202056.png,https://newbonetv.xyz/m3u/usee-natgeowild-okebos.m3u8,ffe333,ffffff,4,Knowledge
60,National Geographic,https://tv.wajabae.com/upload/logo/23240615202011.png,https://newbonetv.xyz/m3u/usee-natgeo-okebos.m3u8,ffe333,000000,4,Knowledge
572,TV Edukasi,https://tv.wajabae.com/upload/logo/05081041202040.png,https://newbonetv.xyz/m3u/usee-tvedukasi-okebos.m3u8,AE941F,ffffff,4,Knowledge
52,Blue Ant Entertaiment,https://tv.wajabae.com/upload/logo/02230612202053.jpg,https://newbonetv.xyz/m3u/usee-blueant-okebos.m3u8,C11111,ffffff,11,Lifestyle
53,Blue Ant Extreme,https://tv.wajabae.com/upload/logo/02230613202052.jpg,https://newbonetv.xyz/m3u/usee-blueantextreme-okebos.m3u8,2253A8,ffffff,11,Lifestyle
515,CCTV4,https://tv.wajabae.com/upload/logo/00210925202011.png,https://newbonetv.xyz/m3u/usee-cctv4-okebos.m3u8,3380ff,ffffff,11,Lifestyle
417,Crime & Investigation,https://tv.wajabae.com/upload/logo/23190818202050.png,https://newbonetv.xyz/m3u/usee-crimeinvestigation-okebos.m3u8,C70039,ffffff,11,Lifestyle
562,Dunia Lain,https://tv.wajabae.com/upload/logo/05081017202032.png,https://newbonetv.xyz/m3u/usee-dunialain-okebos.m3u8,175896,ffffff,11,Lifestyle
563,Eat & Go,https://tv.wajabae.com/upload/logo/05081020202037.png,https://newbonetv.xyz/m3u/usee-eatgo-okebos.m3u8,31587E,ffffff,11,Lifestyle
564,El John TV,https://tv.wajabae.com/upload/logo/05081022202032.png,https://newbonetv.xyz/m3u/usee-eljohn-okebos.m3u8,1A3094,ffffff,11,Lifestyle
400,Lifetime,https://tv.wajabae.com/upload/logo/23160859202008.png,https://newbonetv.xyz/m3u/usee-lifetime-okebos.m3u8,C0392B,ffffff,11,Lifestyle
325,SONY GEM,https://tv.wajabae.com/upload/logo/23010743202050.png,https://newbonetv.xyz/m3u/usee-sgem-okebos.m3u8,0F4095,ffffff,11,Lifestyle
401,TLC,https://tv.wajabae.com/upload/logo/00170802202010.png,http://103.76.148.202:25461/live/isp/isp12345/116.m3u8,C0392B,ffffff,11,Lifestyle
445,TV5 Monde,https://tv.wajabae.com/upload/logo/13260846202009.png,https://newbonetv.xyz/m3u/usee-tv5monde-okebos.m3u8,1F84DD,ffffff,11,Lifestyle
364,TVN,https://tv.wajabae.com/upload/logo/05160731202001.png,https://newbonetv.xyz/m3u/usee-tvn-okebos.m3u8,000000,ffffff,11,Lifestyle
430,Usee Photo,https://tv.wajabae.com/upload/logo/22200857202017.png,https://newbonetv.xyz/m3u/usee-useephoto-okebos.m3u8,e74c3c,ffffff,11,Lifestyle
431,Waku Waku Japan,https://tv.wajabae.com/upload/logo/03260802202014.png,https://newbonetv.xyz/m3u/usee-wakuwaku-okebos.m3u8,000000,ffffff,11,Lifestyle
80,AXN,https://tv.wajabae.com/upload/logo/22240625202047.png,https://newbonetv.xyz/m3u/usee-axn-okebos.m3u8,C81F17,ffffff,2,Movies
549,Bioskop Indonesia,https://tv.wajabae.com/upload/logo/19021033202033.png,https://newbonetv.xyz/m3u/usee-bioskopindonesia-okebos.m3u8,095062,ffffff,2,Movies
58,Celestial Movies,https://tv.wajabae.com/upload/logo/02230624202032.jpg,https://newbonetv.xyz/m3u/usee-celestialmovie-okebos.m3u8,501345,ffffff,2,Movies
557,Chinese Drama,https://tv.wajabae.com/upload/logo/05081008202046.jpg,https://newbonetv.xyz/m3u/usee-chinesedrama-okebos.m3u8,DE1E1B,ffffff,2,Movies
51,Cinema World,https://tv.wajabae.com/upload/logo/02230611202042.png,https://newbonetv.xyz/m3u/usee-cinemaworld-okebos.m3u8,F39C12,ffffff,2,Movies
329,Cinemax,https://tv.wajabae.com/upload/logo/00020701202039.png,https://newbonetv.xyz/m3u/Go-max-okebos.m3u8,AB2828,ffffff,2,Movies
74,FLIX,https://tv.wajabae.com/upload/logo/22240641202004.png,https://newbonetv.xyz/m3u/usee-flik-okebos.m3u8,FFC300,ffffff,2,Movies
49,FOX,https://tv.wajabae.com/upload/logo/02230607202009.png,http://103.76.148.203:25461/EqyGiMlzsS/xvlVrI4VzZ/3,F39C12,ffffff,2,Movies
45,Fox Action Movies,https://tv.wajabae.com/upload/logo/02230602202008.png,http://103.76.148.203:25461/EqyGiMlzsS/xvlVrI4VzZ/6,B11616,ffffff,2,Movies
396,Fox Crime,https://tv.wajabae.com/upload/logo/10160709202034.png,http://103.76.148.203:25461/EqyGiMlzsS/xvlVrI4VzZ/4,1527da,ffffff,2,Movies
46,Fox Family Movies,https://tv.wajabae.com/upload/logo/02230603202049.png,http://103.76.148.203:25461/EqyGiMlzsS/xvlVrI4VzZ/7,76971F,ffffff,2,Movies
363,Fox Life,https://tv.wajabae.com/upload/logo/05160727202004.png,http://103.76.148.203:25461/EqyGiMlzsS/xvlVrI4VzZ/5,000000,ffffff,2,Movies
44,Fox Movies,https://tv.wajabae.com/upload/logo/02230600202057.png,http://103.76.148.203:25461/EqyGiMlzsS/xvlVrI4VzZ/1,000000,ffffff,2,Movies
77,Galaxy,https://tv.wajabae.com/upload/logo/22240638202012.png,https://newbonetv.xyz/m3u/usee-galaxy-okebos.m3u8,5C5C5C,ffffff,2,Movies
510,Galaxy Premium,https://tv.wajabae.com/upload/logo/03200923202040.png,https://newbonetv.xyz/m3u/usee-galaxypremium-okebos.m3u8,000000,ffffff,2,Movies
101,HBO,https://tv.wajabae.com/upload/logo/08300609202053.png,https://newbonetv.xyz/m3u/Go-hbo-okebos.m3u8,000000,ffffff,2,Movies
9,HBO FAMILY,https://tv.wajabae.com/upload/logo/23200650202053.png,https://newbonetv.xyz/m3u/Go-fam-okebos.m3u8,950000,ffffff,2,Movies
47,HBO Hits,https://tv.wajabae.com/upload/logo/02230605202005.png,https://newbonetv.xyz/m3u/Go-hits-okebos.m3u8,3D3D3D,ffffff,2,Movies
48,HBO Signature,https://tv.wajabae.com/upload/logo/02230606202024.png,https://newbonetv.xyz/m3u/Go-sig-okebos.m3u8,D68910,ffffff,2,Movies
50,HITS,https://tv.wajabae.com/upload/logo/02230609202049.jpg,http://103.30.246.49:25461/boneiptv/DLjsL4l78k/83,3D3D3D,FFFFFF,2,Movies
397,IMC,https://tv.wajabae.com/upload/logo/10160720202051.png,https://newbonetv.xyz/m3u/usee-imc-okebos.m3u8,14b9c4,ffffff,2,Movies
55,K+ Korea,https://tv.wajabae.com/upload/logo/02230616202030.png,https://newbonetv.xyz/m3u/usee-kplus-okebos.m3u8,268DA9,ffffff,2,Movies
541,KBS World,https://tv.wajabae.com/upload/logo/02300951202035.png,https://newbonetv.xyz/m3u/usee-kbsworld-okebos.m3u8,26719e,ffffff,2,Movies
28,KIX,https://tv.wajabae.com/upload/logo/01220646202026.jpg,https://newbonetv.xyz/m3u/usee-kix-okebos.m3u8,f4d03f,000000,2,Movies
571,My TV,https://tv.wajabae.com/upload/logo/05081039202014.png,https://newbonetv.xyz/m3u/usee-mytv-okebos.m3u8,B72EC5,ffffff,2,Movies
358,Red By HBO,https://tv.wajabae.com/upload/logo/07090734202011.png,https://newbonetv.xyz/m3u/Go-red-okebos.m3u8,C70039,ffffff,2,Movies
326,Sinema Indonesia,https://tv.wajabae.com/upload/logo/23010756202058.png,http://103.121.238.11:25461/Bone/Bone/15,0C2551,ffffff,2,Movies
555,Sinema Indonesia X,https://tv.wajabae.com/upload/logo/02081050202034.jpg,http://103.121.238.11:25461/Bone/Bone/16,000000,ffffff,2,Movies
327,Sony One,https://tv.wajabae.com/upload/logo/23010759202004.png,https://newbonetv.xyz/m3u/usee-sone-okebos.m3u8,194DA9,ffffff,2,Movies
54,thrill,https://tv.wajabae.com/upload/logo/02230615202002.png,https://newbonetv.xyz/m3u/usee-thrill-okebos.m3u8,2D2D2D,ffffff,2,Movies
79,TVN Movies,https://tv.wajabae.com/upload/logo/22240631202029.png,https://newbonetv.xyz/m3u/usee-tvnmovies-okebos.m3u8,626C89,ffffff,2,Movies
522,Ultra HD Cinema,https://tv.wajabae.com/upload/logo/01260953202003.png,http://dmitry-tv.my1.ru/his/itv_zabava/04/CH_ULTRAHDCINEMA_HLSUHD.m3u8,ff5833,ffffff,2,Movies
524,Vip Megahit,https://tv.wajabae.com/upload/logo/02260930202036.png,http://live-ng-01.more.tv/hls/ViP_Megahit_HD/index_3.m3u8,52ff33,ffffff,2,Movies
73,WB TV,https://tv.wajabae.com/upload/logo/03230623202015.png,https://newbonetv.xyz/m3u/usee-warner-okebos.m3u8,000000,ffffff,2,Movies
57,Zee Bioskop,https://tv.wajabae.com/upload/logo/02230621202052.jpg,https://newbonetv.xyz/m3u/vidio-zee-bioskop-okebos.m3u8,D32D44,ffffff,2,Movies
581,Citra Dangdut,https://tv.wajabae.com/upload/logo/23271015202017.png,https://newbonetv.xyz/m3u/usee-citradangdut-okebos.m3u8,2490e0,ffffff,19,Music
588,CMC,https://tv.wajabae.com/upload/logo/23271048202004.png,http://cmctv.ios.internapcdn.net/cmctv_vitalstream_com/live_1/CMC-TV/.m3u8,247ce0,ffffff,19,Music
582,Ikonser,https://tv.wajabae.com/upload/logo/23271018202001.png,https://newbonetv.xyz/m3u/usee-ikonser-okebos.m3u8,24b5e0,ffffff,19,Music
589,Karaoke Channel,https://tv.wajabae.com/upload/logo/00281005202027.jpg,http://edge.linknetott.swiftserve.com/live/BSgroup/amlst:karaokech/chunklist_b2288000.m3u8?fluxustv.m3u8,24bbe0,ffffff,19,Music
580,MTV,https://tv.wajabae.com/upload/logo/23271012202008.jpg,https://newbonetv.xyz/m3u/usee-mtvlive-okebos.m3u8,2474e0,ffffff,19,Music
585,Musica,https://tv.wajabae.com/upload/logo/23271029202051.jpg,https://newbonetv.xyz/m3u/yt-musicastudio-okebos.m3u8,24aae0,ffffff,19,Music
586,Nagaswara,https://tv.wajabae.com/upload/logo/23271034202021.jpg,https://newbonetv.xyz/m3u/yt-nagaswara-okebos.m3u8,24e0c4,ffffff,19,Music
583,Prambors TV,https://tv.wajabae.com/upload/logo/23271021202037.png,https://newbonetv.xyz/m3u/usee-pramborstv-okebos.m3u8,246be0,ffffff,19,Music
496,ABC News,https://tv.wajabae.com/upload/logo/02110907202042.png,https://anevia114.mncnow.id/live/eds/AustraliaPlus/sa_dash_vmx/AustraliaPlus.mpd,000000,ffffff,12,News
451,Aljazeera,https://tv.wajabae.com/upload/logo/14260859202026.png,https://newbonetv.xyz/m3u/vidio-aljazeera-okebos.m3u8,CDAA07,ffffff,12,News
493,ARIRANG,https://tv.wajabae.com/upload/logo/08100944202046.jpg,http://103.76.148.202:25461/isp/isp12345/110,275DAD,fcf7f8,12,News
448,BBC World News,https://tv.wajabae.com/upload/logo/14260833202000.png,http://103.76.148.202:25461/isp/isp12345/6,C00E29,ffffff,12,News
494,Bloomberg,https://tv.wajabae.com/upload/logo/02110905202003.png,https://newbonetv.xyz/m3u/usee-bloomberg-okebos.m3u8,000000,ffffff,12,News
62,CGTN Documentary,https://tv.wajabae.com/upload/logo/02230638202042.png,http://103.76.148.202:25461/isp/isp12345/111,DECD9B,ffffff,12,News
455,CNA,https://tv.wajabae.com/upload/logo/22260817202044.png,http://103.76.148.202:25461/isp/isp12345/108,e3066a,ffffff,12,News
495,CNBC International,https://tv.wajabae.com/upload/logo/02110906202043.jpg,http://edge-1192-ch-gv.filmon.com/live/4130.high.stream/playlist.m3u8,C70039,ffffff,12,News
440,CNN Internasional,https://tv.wajabae.com/upload/logo/04260859202034.jpg,https://newbonetv.xyz/m3u/usee-cnninternational-okebos.m3u8,e31a06,ffffff,12,News
449,DW,https://tv.wajabae.com/upload/logo/14260836202009.png,https://newbonetv.xyz/m3u/usee-dwtv-okebos.m3u8,145585,ffffff,12,News
513,Fox News,https://tv.wajabae.com/upload/logo/18200926202024.png,https://bk7l2w4nlx53-hls-live.5centscdn.com/FOXNEWS/961ac1c875f5884f31bdd177365ef1e3.sdp/playlist.m3u8,000000,ffffff,12,News
444,France 24,https://tv.wajabae.com/upload/logo/13260840202008.png,https://newbonetv.xyz/m3u/usee-france24-okebos.m3u8,2C86D6,ffffff,12,News
433,IDX,https://tv.wajabae.com/upload/logo/04260840202039.png,https://newbonetv.xyz/m3u/usee-idx-okebos.m3u8,941d1d,FFFFFF,12,News
441,NHK World,https://tv.wajabae.com/upload/logo/05260841202048.png,https://nhkwlive-xjp.akamaized.net/hls/live/2003458/nhkwlive-xjp/index_600k.m3u8,e31a06,ffffff,12,News
501,SKY NEWS,https://tv.wajabae.com/upload/logo/14110949202052.png,http://103.76.148.202:25461/isp/isp12345/112,275DAD,fcf7f8,12,News
67,Bein Sport 1,https://tv.wajabae.com/upload/logo/22110920202018.png,https://newbonetv.xyz/m3u/usee-bein1-okebos.m3u8,4C1F81,ffffff,5,Sport
68,Bein Sport 2,https://tv.wajabae.com/upload/logo/22110920202052.png,https://newbonetv.xyz/m3u/usee-bein2-okebos.m3u8,4C1F81,ffffff,5,Sport
87,Egg Network,https://tv.wajabae.com/upload/logo/02280621202012.png,http://210.210.155.66/h/h22/index.m3u8,000000,ffffff,5,Sport
484,Fight Sport,https://tv.wajabae.com/upload/logo/13090913202020.jpg,http://103.121.238.11:25461/live/Bone/Bone/8.m3u8,275DAD,fcf7f8,5,Sport
70,Fox Sport 1,https://tv.wajabae.com/upload/logo/02230653202023.png,https://newbonetv.xyz/m3u/usee-foxsport1-okebos.m3u8,21346D,ffffff,5,Sport
71,Fox Sport 2,https://tv.wajabae.com/upload/logo/02230653202056.png,http://103.76.148.203:25461/MIw9qm6Mqd/AhVibgDpLx/13,21346D,ffffff,5,Sport
72,Fox Sport 3,https://tv.wajabae.com/upload/logo/02230654202029.png,http://103.76.148.203:25461/MIw9qm6Mqd/AhVibgDpLx/14,21346D,ffffff,5,Sport
429,Golf,https://tv.wajabae.com/upload/logo/03200848202036.png,https://www.livedoomovies.com/02_golfhd_720p/chunklist.m3u8,1E1E1E,ffffff,5,Sport
377,NBA TV,https://tv.wajabae.com/upload/logo/08160714202040.png,http://103.76.148.203:25461/live/MIw9qm6Mqd/AhVibgDpLx/10.m3u8,a71818,ffffff,5,Sport
351,Racing.com,https://tv.wajabae.com/upload/logo/16020722202002.png,https://racingvic-i.akamaized.net/hls/live/598695/racingvic/628.m3u8?fluxustv.m3u8,AD1C1C,ffffff,5,Sport
95,Red Bull TV,https://tv.wajabae.com/upload/logo/02280641202045.png,https://i.mjh.nz/au/Canberra/tv.redbull.tv.m3u8,DD0E50,FFFFFF,5,Sport
346,TVRI SPORT,https://tv.wajabae.com/upload/logo/16020704202022.jpg,http://103.30.246.49:25461/live/boneiptv/DLjsL4l78k/46.m3u8,2C1D68,FFFFFF,5,Sport
88,Uerosport 1,https://tv.wajabae.com/upload/logo/02280626202019.jpg,http://103.121.238.11:25461/Bone/Bone/3,E22E2E,ffffff,5,Sport
89,Uerosport 2,https://tv.wajabae.com/upload/logo/02280628202007.png,http://103.121.238.11:25461/Bone/Bone/4,E22E2E,ffffff,5,Sport
64,Usee Sport 2,https://tv.wajabae.com/upload/logo/02230643202026.jpg,https://newbonetv.xyz/m3u/usee-useesports2-okebos.m3u8,DE3A23,ffffff,5,Sport
63,Usee Sports 1,https://tv.wajabae.com/upload/logo/02230642202044.jpg,https://newbonetv.xyz/m3u/usee-useesport-okebos.m3u8,DE3A23,ffffff,5,Sport
395,WWE Channel,https://tv.wajabae.com/upload/logo/08160739202027.jpg,http://mondial.cybergroup.top:8080/rldwy8pqMM/RDchwBgCL5/88934,2c2c2c,ffffff,5,Sport
